{
  "mesum": ["💦","🍆","hyper","hypr","hyp3r","cabul","cbul","cabl","c4bul","ch0l","chol","c4ll","seks","s3ks","jembut","jmbut","jembt","ngc0k","toblut","tblut","toblt","col1","c0l1","beha","klitoris","vagina","tete","ento","tbrt","call","tnktop","bungil","tanktop","hot","h0t","tpos","obru","0bru","ocok","0c0k","0cok","oc0k","porn","p0rn","t3pos","tep0s","t3p0s","tepos","+18","18+","ange","lesb","l3sb","nenen","a*ge","4nge","ang3","4nge","sgne",",sgn3","snge","sng3","s4ng3","sagne","sgne","sgn3","s4gne","s4gn3","crt","crot","cr0t","coli","c0ly","c0li","coly","horny","hrny","h0rny","mmk","memek","m3mk","m3m3k","mem3k","m3mek","bokep","titi","ttid","bkp","bokep","bkep","b0kep","bokp","b0k3p","memk","mm3k","sex","s3x","conge","cong3","c0nge","c0ng3","desah","d3sah","des4h","d3s4h","vc","c4all","bungil","clmk","colmek","c0lmk","colm3k","c0lmek","ont","ntl","s4ng","ewe","3we","3we","3w3"],
  "nonMesum": ["changes","konter","changes","mangea","sulewesi","ranger","asahotak","pangeran","hotspot","orange","otewe","titip","cerewet","musang","sangad","shot","dont","call me","emange","betewe","sangking","tetep","nyonto","gangerti","anget","teteh","hotel","jewer","sanggup","font","sangu","change","tangerang","onta","pisang","asang","nyontek","usang","cocok","ngel","dewe","ngeak","cewe","kangen","angkan","sangat","ontian","contoh","onton","titik","angis","titisan","angka","onten"],
  "link": ["http","wa.me","t.me",".com",".id","://",":/"],        
  "promosi": ["whatsapp.com/channel","082283140705","maps.app.goo.gl","blum/app","tomarket_ai_bot","seed_coin_bot","teman chat random","matchfriends_bot","promosi","freelance","iquizmaster_bot","hamster_kombat_bot","chat.whatsapp","theyescoin_bot","amiraey","trv","letsaskbot","danaevent_bot","uangtunai_bot","gratisofficial","freelan"],
  "warning": ["🍆","rate","nemenin","boba","gede","tt","temnin","tmnnin","tmnin","mandi","epon","spong","puas","kutang","bh","msum","mesum","mesm","mastu","susu","temanin","colay","viral","horn","colok","privasi","tegang","pencarian","💦","*","hype","kosan","open","cm","burung","pap","emeni","sge","nafsu"],
  "tag": ["@"]    
}